<?xml version="1.0" encoding="UTF-8"?>
<beans  
    xmlns="http://www.springframework.org/schema/beans"  
    xmlns:xsi="http://www.w3.org/2001/XMLSchema-instance"  
    xmlns:p="http://www.springframework.org/schema/p"  
    xsi:schemaLocation="http://www.springframework.org/schema/beans  
                http://www.springframework.org/schema/beans/spring-beans-3.0.xsd">
  
  
  
  
  <bean id="emp" class="com.Employee">
	  <!-- <property name="empId" value="100"></property>
	  <property name="empName" value="Amit"></property> -->
	  <constructor-arg type="int" value="101"></constructor-arg>
	   <constructor-arg type="String" value="deepak"></constructor-arg>

  </bean>
    
  </beans>